{
  "total_characters": 8505,
  "total_cost": 0.12757500000000002,
  "files_generated": 24,
  "monthly": {
    "2025-10": {
      "cost": 0.12805500000000003,
      "files": 28,
      "characters": 8537
    }
  }
}